book_id,title
1,"The Hunger Games (The Hunger Games, #1)"
2,"Harry Potter and the Sorcerer's Stone (Harry Potter, #1)"
3,"Twilight (Twilight, #1)"
4,To Kill a Mockingbird
5,The Great Gatsby
6,The Fault in Our Stars
7,The Hobbit
8,The Catcher in the Rye
9,"Angels & Demons  (Robert Langdon, #1)"
10,Pride and Prejudice
11,The Kite Runner
12,"Divergent (Divergent, #1)"
13,1984
14,Animal Farm
15,The Diary of a Young Girl
16,"The Girl with the Dragon Tattoo (Millennium, #1)"
17,"Catching Fire (The Hunger Games, #2)"
18,"Harry Potter and the Prisoner of Azkaban (Harry Potter, #3)"
19,"The Fellowship of the Ring (The Lord of the Rings, #1)"
20,"Mockingjay (The Hunger Games, #3)"
21,"Harry Potter and the Order of the Phoenix (Harry Potter, #5)"
22,The Lovely Bones
23,"Harry Potter and the Chamber of Secrets (Harry Potter, #2)"
24,"Harry Potter and the Goblet of Fire (Harry Potter, #4)"
25,"Harry Potter and the Deathly Hallows (Harry Potter, #7)"
26,"The Da Vinci Code (Robert Langdon, #2)"
27,"Harry Potter and the Half-Blood Prince (Harry Potter, #6)"
28,Lord of the Flies
29,Romeo and Juliet
30,Gone Girl
31,The Help
32,Of Mice and Men
33,Memoirs of a Geisha
34,"Fifty Shades of Grey (Fifty Shades, #1)"
35,The Alchemist
36,"The Giver (The Giver, #1)"
37,"The Lion, the Witch, and the Wardrobe (Chronicles of Narnia, #1)"
38,The Time Traveler's Wife
39,"A Game of Thrones (A Song of Ice and Fire, #1)"
40,"Eat, Pray, Love"
41,"The Lightning Thief (Percy Jackson and the Olympians, #1)"
42,"Little Women (Little Women, #1)"
43,Jane Eyre
44,"The Notebook (The Notebook, #1)"
45,Life of Pi
46,Water for Elephants
47,The Book Thief
48,Fahrenheit 451
49,"New Moon (Twilight, #2)"
50,Where the Sidewalk Ends
51,"City of Bones (The Mortal Instruments, #1)"
52,"Eclipse (Twilight, #3)"
53,"Eragon (The Inheritance Cycle, #1)"
54,"The Hitchhiker's Guide to the Galaxy (Hitchhiker's Guide to the Galaxy, #1)"
55,Brave New World
56,"Breaking Dawn (Twilight, #4)"
57,The Secret Life of Bees
58,The Adventures of Huckleberry Finn
59,Charlotte's Web
60,The Curious Incident of the Dog in the Night-Time
61,The Girl on the Train
62,"The Golden Compass (His Dark Materials, #1)"
63,Wuthering Heights
64,My Sister's Keeper
65,Slaughterhouse-Five
66,Gone with the Wind
67,A Thousand Splendid Suns
68,The Perks of Being a Wallflower
69,"Insurgent (Divergent, #2)"
70,"Ender's Game (Ender's Saga, #1)"
71,Frankenstein
72,The Shining (The Shining #1)
73,"The Host (The Host, #1)"
74,Looking for Alaska
75,"Bridget Jones's Diary (Bridget Jones, #1)"
76,Sense and Sensibility
77,"Holes (Holes, #1)"
78,"The Devil Wears Prada (The Devil Wears Prada, #1)"
79,The Odyssey
80,The Little Prince
81,The Glass Castle
82,Into the Wild
83,A Tale of Two Cities
84,"Jurassic Park (Jurassic Park, #1)"
85,The Giving Tree
86,A Time to Kill
87,Night (The Night Trilogy #1)
88,Paper Towns
89,The Princess Bride 
90,The Outsiders
91,"The Maze Runner (Maze Runner, #1)"
92,"Freakonomics: A Rogue Economist Explores the Hidden Side of Everything (Freakonomics, #1)"
93,The Secret Garden
94,One Hundred Years of Solitude
95,The Picture of Dorian Gray
96,"Fifty Shades Freed (Fifty Shades, #3)"
97,Dracula
98,"The Girl Who Played with Fire (Millennium, #2)"
99,"Fifty Shades Darker (Fifty Shades, #2)"
100,The Poisonwood Bible
101,Me Talk Pretty One Day
102,Where the Wild Things Are
103,The Count of Monte Cristo
104,The Road
105,"Allegiant (Divergent, #3)"
106,Bossypants
107,A Walk to Remember
108,"Confessions of a Shopaholic (Shopaholic, #1)"
109,Les Misérables
110,"A Clash of Kings  (A Song of Ice and Fire, #2)"
111,The Memory Keeper's Daughter
112,"Me Before You (Me Before You, #1)"
113,Catch-22
114,Tuesdays with Morrie
115,Middlesex
116,The Adventures of Tom Sawyer
117,"A Wrinkle in Time (A Wrinkle in Time Quintet, #1)"
118,The Joy Luck Club
119,The Handmaid's Tale
120,"The Sisterhood of the Traveling Pants (Sisterhood, #1)"
121,Lolita
122,"Wicked: The Life and Times of the Wicked Witch of the West (The Wicked Years, #1)"
123,"The Firm (Penguin Readers, Level 5)"
124,Room
125,Hamlet
126,Dune (Dune Chronicles #1)
127,The Tipping Point: How Little Things Can Make a Big Difference
128,Steve Jobs
129,One Flew Over the Cuckoo's Nest
130,The Old Man and the Sea
131,The Grapes of Wrath
132,The Five People You Meet in Heaven
133,"Anne of Green Gables (Anne of Green Gables, #1)"
134,"City of Glass (The Mortal Instruments, #3)"
135,"A Storm of Swords (A Song of Ice and Fire, #3)"
136,Divine Secrets of the Ya-Ya Sisterhood
137,"Outlander (Outlander, #1)"
138,The Scarlet Letter
139,"Miss Peregrine’s Home for Peculiar Children (Miss Peregrine’s Peculiar Children, #1)"
140,"The Girl Who Kicked the Hornet's Nest (Millennium, #3)"
141,The Martian
142,"The Pillars of the Earth (The Kingsbridge Series, #1)"
143,All the Light We Cannot See
144,"Unbroken: A World War II Story of Survival, Resilience, and Redemption"
145,Deception Point
146,The Goldfinch
147,Thirteen Reasons Why
148,Girl with a Pearl Earring
149,"If I Stay (If I Stay, #1)"
150,The Red Tent
151,"The Sea of Monsters (Percy Jackson and the Olympians, #2)"
152,Dear John
153,"City of Ashes (The Mortal Instruments, #2)"
154,Macbeth
155,"The Two Towers (The Lord of the Rings, #2)"
156,"Something Borrowed (Darcy & Rachel, #1)"
157,Green Eggs and Ham
158,"Charlie and the Chocolate Factory (Charlie Bucket, #1)"
159,"The Battle of the Labyrinth (Percy Jackson and the Olympians, #4)"
160,Great Expectations
161,"The Return of the King (The Lord of the Rings, #3)"
162,The Stranger
163,"The Lost Hero (The Heroes of Olympus, #1)"
164,Eleanor & Park
165,"A Feast for Crows (A Song of Ice and Fire, #4)"
166,"Matched (Matched, #1)"
167,"American Gods (American Gods, #1)"
168,The Stand
169,The Last Song
170,Digital Fortress
171,Emma
172,Anna Karenina
173,A Clockwork Orange
174,The Shack
175,"The Last Olympian (Percy Jackson and the Olympians, #5)"
176,It
177,Crime and Punishment
178,The Bell Jar
179,"Angela's Ashes (Frank McCourt, #1)"
180,Siddhartha
181,In Cold Blood
182,"Beautiful Creatures (Caster Chronicles, #1)"
183,"Clockwork Angel (The Infernal Devices, #1)"
184,Matilda
185,The Night Circus
186,"The Other Boleyn Girl (The Plantagenet and Tudor Novels, #9)"
187,"Uglies (Uglies, #1)"
188,"A Dance with Dragons (A Song of Ice and Fire, #5)"
189,"The Lord of the Rings (The Lord of the Rings, #1-3)"
190,Wild: From Lost to Found on the Pacific Crest Trail
191,Watchmen
192,"The Name of the Wind (The Kingkiller Chronicle, #1)"
193,Outliers: The Story of Success
194,"Moby-Dick or, The Whale"
195,The Guernsey Literary and Potato Peel Pie Society
196,Fight Club
197,"Dead Until Dark (Sookie Stackhouse, #1)"
198,The Color Purple
199,Marley and Me: Life and Love With the World's Worst Dog
200,And Then There Were None
201,"The Lost Symbol (Robert Langdon, #3)"
202,"Hush, Hush (Hush, Hush, #1)"
203,"Beautiful Disaster (Beautiful, #1)"
204,A Christmas Carol
205,"Interview with the Vampire (The Vampire Chronicles, #1)"
206,"The Selection (The Selection, #1)"
207,"One for the Money (Stephanie Plum, #1)"
208,The Immortal Life of Henrietta Lacks
209,"The Silence of the Lambs  (Hannibal Lecter, #2)"
210,"Vampire Academy (Vampire Academy, #1)"
211,Blink: The Power of Thinking Without Thinking
212,Atonement
213,The Metamorphosis
214,"The Titan's Curse (Percy Jackson and the Olympians, #3)"
215,Ready Player One
216,The Art of Racing in the Rain
217,"The Devil in the White City: Murder, Magic, and Madness at the Fair That Changed America"
218,"Bared to You (Crossfire, #1)"
219,"The Chronicles of Narnia (Chronicles of Narnia, #1-7)"
220,Twilight: The Complete Illustrated Movie Companion
221,"A Child Called ""It"" (Dave Pelzer #1)"
222,"The Bourne Identity (Jason Bourne, #1)"
223,"Artemis Fowl (Artemis Fowl, #1)"
224,"Fallen (Fallen, #1)"
225,East of Eden
226,Dark Places
227,The Client
228,"The Nanny Diaries (Nanny, #1)"
229,Alice's Adventures in Wonderland & Through the Looking-Glass
230,Persuasion
231,Sarah's Key
232,"The Gunslinger (The Dark Tower, #1)"
233,Love in the Time of Cholera
234,Speak
235,The Husband's Secret
236,Into Thin Air: A Personal Account of the Mount Everest Disaster
237,Carrie
238,Running with Scissors
239,World War Z: An Oral History of the Zombie War
240,"Inferno (Robert Langdon, #4)"
241,Number the Stars
242,"Along Came a Spider (Alex Cross, #1)"
243,Misery
244,Sharp Objects
245,Bridge to Terabithia
246,"Marked (House of Night, #1)"
247,The 7 Habits of Highly Effective People: Powerful Lessons in Personal Change
248,A Midsummer Night's Dream
249,Extremely Loud and Incredibly Close
250,Wonder
251,The Cat in the Hat
252,"Cinder (The Lunar Chronicles, #1)"
253,"The Cuckoo's Calling (Cormoran Strike, #1)"
254,"Shiver (The Wolves of Mercy Falls, #1)"
255,Atlas Shrugged
256,Three Cups of Tea: One Man's Mission to Promote Peace ... One School at a Time
257,Alice in Wonderland
258,"The Shadow of the Wind (The Cemetery of Forgotten Books,  #1)"
259,"The Scorch Trials (Maze Runner, #2)"
260,How to Win Friends and Influence People
261,Under the Tuscan Sun
262,Big Little Lies
263,Ella Enchanted
264,The Sun Also Rises
265,A Tree Grows in Brooklyn
266,"Kiss the Girls (Alex Cross, #2)"
267,The Nightingale
268,Never Let Me Go
269,P.S. I Love You
270,Rebecca
271,Flowers for Algernon
272,Like Water for Chocolate
273,Snow Flower and the Secret Fan
274,The Godfather
275,An Abundance of Katherines
276,Foundation (Foundation #1)
277,The Ocean at the End of the Lane
278,A Light in the Attic
279,"Harry Potter and the Cursed Child - Parts One and Two (Harry Potter, #8)"
280,"Delirium (Delirium, #1)"
281,The Pelican Brief
282,Coraline
283,"Good Omens: The Nice and Accurate Prophecies of Agnes Nutter, Witch"
284,On the Road
285,"The Rosie Project (Don Tillman, #1)"
286,The Lucky One
287,The Fountainhead
288,"The Hunt for Red October (Jack Ryan Universe, #4)"
289,"Watership Down (Watership Down, #1)"
290,Is Everyone Hanging Out Without Me? (And Other Concerns)
291,Cutting for Stone
292,"The Voyage of the Dawn Treader (Chronicles of Narnia, #3)"
293,Treasure Island
294,"The Son of Neptune (The Heroes of Olympus, #2)"
295,11/22/63
296,The Very Hungry Caterpillar Board Book
297,Cat's Cradle
298,The Time Machine
299,Heaven is for Real: A Little Boy's Astounding Story of His Trip to Heaven and Back
300,The Boy in the Striped Pajamas
301,Heart of Darkness
302,Safe Haven
303,"The Secret (The Secret, #1)"
304,I Know This Much Is True
305,Pet Sematary
306,She's Come Undone
307,"The Wise Man's Fear (The Kingkiller Chronicle, #2)"
308,Can You Keep a Secret?
309,"City of Fallen Angels (The Mortal Instruments, #4)"
310,"Good in Bed (Cannie Shapiro, #1)"
311,The Thorn Birds
312,The Graveyard Book
313,The Light Between Oceans
314,"Inkheart (Inkworld, #1)"
315,Who Moved My Cheese?
316,A Walk in the Woods
317,I Know Why the Caged Bird Sings
318,Orphan Train
319,"City of Lost Souls (The Mortal Instruments, #5)"
320,"Where'd You Go, Bernadette"
321,Where the Red Fern Grows
322,Neverwhere
323,The Unbearable Lightness of Being
324,Fangirl
325,A Prayer for Owen Meany
326,White Oleander
327,"Legend (Legend, #1)"
328,Nineteen Minutes
329,The Last Lecture
330,"The Eye of the World (Wheel of Time, #1)"
331,The Pact
332,"The Magician's Nephew (Chronicles of Narnia, #6)"
333,Still Alice
334,"Reflected in You (Crossfire, #2)"
335,James and the Giant Peach
336,"1st to Die (Women's Murder Club, #1)"
337,The Ultimate Hitchhiker's Guide to the Galaxy
338,One Day
339,Goodnight Moon
340,"I Am Number Four (Lorien Legacies, #1)"
341,The Iliad
342,The Casual Vacancy
343,The Runaway Jury
344,Naked
345,"Eldest (The Inheritance Cycle, #2)"
346,"The Wonderful Wizard of Oz (Oz, #1)"
347,"Prince Caspian (Chronicles of Narnia, #2)"
348,We Were Liars
349,'Salem's Lot
350,Fear and Loathing in Las Vegas
351,"Clockwork Prince (The Infernal Devices, #2)"
352,Yes Please
353,Othello
354,Beloved
355,"Graceling (Graceling Realm, #1)"
356,"The Bad Beginning (A Series of Unfortunate Events, #1)"
357,All Quiet on the Western Front
358,"Oh, The Places You'll Go!"
359,And the Mountains Echoed
360,Do Androids Dream of Electric Sheep?
361,Oliver Twist
362,The Screwtape Letters
363,"Anna and the French Kiss (Anna and the French Kiss, #1)"
364,How the Grinch Stole Christmas!
365,V for Vendetta
366,John Adams
367,"Odd Thomas (Odd Thomas, #1)"
368,"The Subtle Knife (His Dark Materials, #2)"
369,"Stargirl (Stargirl, #1)"
370,"The Red Pyramid (Kane Chronicles, #1)"
371,Stranger in a Strange Land
372,Dress Your Family in Corduroy and Denim
373,The BFG
374,A Short History of Nearly Everything
375,The Call of the Wild
376,"The Death Cure (Maze Runner, #3)"
377,Stardust
378,The Namesake
379,"A Discovery of Witches (All Souls Trilogy, #1)"
380,Norwegian Wood
381,Where the Heart Is
382,"Will Grayson, Will Grayson"
383,A Million Little Pieces
384,"Frostbite (Vampire Academy, #2)"
385,Quiet: The Power of Introverts in a World That Can't Stop Talking
386,"Island of the Blue Dolphins (Island of the Blue Dolphins, #1)"
387,The Crucible
388,"Hatchet (Brian's Saga, #1)"
389,"The Final Empire (Mistborn, #1)"
390,The Strange Case of Dr. Jekyll and Mr. Hyde
391,The Lorax
392,"Diary of a Wimpy Kid (Diary of a Wimpy Kid, #1)"
393,"Throne of Glass (Throne of Glass, #1)"
394,"Shadow Kiss (Vampire Academy, #3)"
395,For Whom the Bell Tolls
396,Hotel on the Corner of Bitter and Sweet
397,Perfume: The Story of a Murderer
398,Fast Food Nation: The Dark Side of the All-American Meal
399,The Tales of Beedle the Bard
400,Neuromancer
401,A Farewell to Arms
402,The Tell-Tale Heart and Other Writings
403,The Art of War
404,Defending Jacob
405,Breakfast of Champions
406,The New Drawing on the Right Side of the Brain
407,Bel Canto
408,"Guns, Germs, and Steel: The Fates of Human Societies"
409,Fried Green Tomatoes at the Whistle Stop Cafe
410,"Things Fall Apart (The African Trilogy, #1)"
411,The Undomestic Goddess
412,The Five Love Languages: How to Express Heartfelt Commitment to Your Mate
413,The Three Musketeers
414,Little Bee
415,"Evermore (The Immortals, #1)"
416,The Witches
417,The Thirteenth Tale
418,"Spirit Bound (Vampire Academy, #5)"
419,"Blood Promise (Vampire Academy, #4)"
420,Message in a Bottle
421,The Paris Wife
422,"Harry Potter Boxset (Harry Potter, #1-7)"
423,"The Elite (The Selection, #2)"
424,The Name of the Rose
425,Go Ask Alice
426,A Confederacy of Dunces
427,The Importance of Being Earnest
428,"The Mark of Athena (The Heroes of Olympus, #3)"
429,"The Color of Magic (Discworld, #1; Rincewind #1)"
430,Kafka on the Shore
431,"Red Dragon (Hannibal Lecter, #1)"
432,"I, Robot (Robot #0.1)"
433,"Dark Lover (Black Dagger Brotherhood, #1)"
434,"Crescendo (Hush, Hush, #2)"
435,Before I Fall
436,The God of Small Things
437,The Invention of Wings
438,What Alice Forgot
439,A Brief History of Time
440,"Fall of Giants (The Century Trilogy, #1)"
441,Under the Dome
442,Snow Crash
443,Just Listen
444,"Winnie-the-Pooh (Winnie-the-Pooh, #1)"
445,Before I Go to Sleep
446,A Study in Scarlet
447,"Brisingr (The Inheritance Cycle, #3)"
448,The Purpose Driven Life: What on Earth Am I Here for?
449,"Betrayed (House of Night, #2)"
450,"Storm Front (The Dresden Files, #1)"
451,Northanger Abbey
452,"The 5th Wave (The 5th Wave, #1)"
453,Cold Mountain
454,If You Give a Mouse a Cookie
455,"Something Blue (Darcy & Rachel, #2)"
456,A Streetcar Named Desire
457,The Historian
458,Station Eleven
459,A Man Called Ove
460,"Clockwork Princess (The Infernal Devices, #3)"
461,"The Good Earth (House of Earth, #1)"
462,Ways of Seeing
463,"Dragonfly in Amber (Outlander, #2)"
464,Holy Bible: King James Version
465,In Her Shoes
466,The Hobbit: Graphic Novel
467,The Brief Wondrous Life of Oscar Wao
468,Their Eyes Were Watching God
469,Fantastic Beasts and Where to Find Them
470,I Am Malala: The Story of the Girl Who Stood Up for Education and Was Shot by the Taliban
471,Mansfield Park
472,Man's Search for Meaning
473,"In the Woods (Dublin Murder Squad, #1)"
474,The God Delusion
475,"Where She Went (If I Stay, #2)"
476,The World According to Garp
477,"Killing Floor (Jack Reacher, #1)"
478,Robinson Crusoe
479,The Prince
480,"The Amber Spyglass (His Dark Materials, #3)"
481,"Wizard's First Rule (Sword of Truth, #1)"
482,The Kitchen House
483,Franny and Zooey
484,Choke
485,The Brothers Karamazov
486,"The City of Ember (Book of Ember, #1)"
487,The Andromeda Strain
488,The Green Mile
489,The Prophet
490,"Maus I: A Survivor's Tale: My Father Bleeds History (Maus, #1)"
491,"Untamed (House of Night, #4)"
492,"Speaker for the Dead (Ender's Saga, #2)"
493,Mere Christianity
494,The Secret History
495,A Heartbreaking Work of Staggering Genius
496,"The Clan of the Cave Bear (Earth's Children, #1)"
497,Black Beauty
498,War and Peace
499,American Psycho
500,"The Princess Diaries (The Princess Diaries, #1)"
501,"The No. 1 Ladies' Detective Agency  (No. 1 Ladies' Detective Agency, #1)"
502,"The Walking Dead, Vol. 01: Days Gone Bye"
503,"2001: A Space Odyssey (Space Odyssey, #1)"
504,Redeeming Love
505,"Left Behind (Left Behind, #1)"
506,"The One (The Selection, #3)"
507,"The Hunger Games Trilogy Boxset (The Hunger Games, #1-3)"
508,Nickel and Dimed: On (Not) Getting By in America
509,Remember Me?
510,"The Great Hunt (Wheel of Time, #2)"
511,"Postmortem (Kay Scarpetta, #1)"
512,The Complete Stories and Poems
513,The Hiding Place: The Triumphant True Story of Corrie Ten Boom
514,The Adventures of Sherlock Holmes
515,The Prince of Tides
516,The Amazing Adventures of Kavalier & Clay
517,"Perfect Chemistry (Perfect Chemistry, #1)"
518,Peter Pan
519,"Pretties (Uglies, #2)"
520,The Wind-Up Bird Chronicle
521,"The Lincoln Lawyer (Mickey Haller, #1; Harry Bosch Universe, #16)"
522,Cloud Atlas
523,The Things They Carried
524,Wall and Piece
525,"Pandemonium (Delirium, #2)"
526,"Darkly Dreaming Dexter (Dexter, #1)"
527,"Living Dead in Dallas (Sookie Stackhouse, #2)"
528,"The Dragon Reborn (Wheel of Time, #3)"
529,Gulliver's Travels
530,Much Ado About Nothing
531,Beowulf
532,Batman: Year One
533,Go Set a Watchman
534,When You Are Engulfed in Flames
535,"Daughter of Smoke & Bone (Daughter of Smoke & Bone, #1)"
536,"Red Queen (Red Queen, #1)"
537,The Power of Habit: Why We Do What We Do in Life and Business
538,Midnight in the Garden of Good and Evil
539,"Hopeless (Hopeless, #1)"
540,A Little Princess
541,The Truth About Forever
542,"The Horse and His Boy (Chronicles of Narnia, #5)"
543,"Last Sacrifice (Vampire Academy, #6)"
544,"Little House on the Prairie (Little House, #2)"
545,The Velveteen Rabbit
546,Zen and the Art of Motorcycle Maintenance: An Inquiry Into Values
547,The War of the Worlds
548,"Pretty Little Liars (Pretty Little Liars, #1)"
549,Corduroy
550,The Omnivore's Dilemma: A Natural History of Four Meals
551,Life After Life
552,The Rescue
553,Needful Things
554,"Voyager (Outlander, #3)"
555,"Hamlet: Screenplay, Introduction And Film Diary"
556,Cujo
557,The Virgin Suicides
558,"Dead to the World (Sookie Stackhouse, #4)"
559,Tess of the D'Urbervilles
560,Madame Bovary
561,The Phantom Tollbooth
562,"The Way of Kings (The Stormlight Archive, #1)"
563,"Club Dead (Sookie Stackhouse, #3)"
564,It's Kind of a Funny Story
565,"The Well of Ascension (Mistborn, #2)"
566,"After You (Me Before You, #2)"
567,The Language of Flowers
568,"Batman: The Dark Knight Returns (The Dark Knight Saga, #1)"
569,"The Angel Experiment (Maximum Ride, #1)"
570,High Fidelity
571,The Guardian
572,"Oryx and Crake (MaddAddam, #1)"
573,"Men Are from Mars, Women Are from Venus"
574,Kitchen Confidential: Adventures in the Culinary Underbelly
575,Timeline
576,Candide
577,Tuck Everlasting
578,Christine
579,Are You My Mother?
580,The Story of Art
581,"Scarlet (The Lunar Chronicles, #2)"
582,"Rich Dad, Poor Dad"
583,"Silence (Hush, Hush, #3)"
584,The Magicians (The Magicians #1)
585,"Death Note, Vol. 1: Boredom (Death Note, #1)"
586,"A Great and Terrible Beauty (Gemma Doyle, #1)"
587,Everything Is Illuminated
588,"The Bourne Supremacy (Jason Bourne, #2)"
589,"Easy (Contours of the Heart, #1)"
590,David Copperfield
591,The Absolutely True Diary of a Part-Time Indian
592,The Master and Margarita
593,"A Wizard of Earthsea (Earthsea Cycle, #1)"
594,Because of Winn-Dixie
595,A Separate Peace
596,The Rainmaker
597,Don Quixote
598,"Assassin's Apprentice (Farseer Trilogy, #1)"
599,"The Restaurant at the End of the Universe (Hitchhiker's Guide, #2)"
600,"Torment (Fallen, #2)"
601,The Tale of Peter Rabbit
602,"The Silver Chair (Chronicles of Narnia, #4)"
603,"The Hero of Ages (Mistborn, #3)"
604,"Girl, Interrupted"
605,"Are You There, Vodka? It's Me, Chelsea"
606,Jonathan Livingston Seagull
607,"City of Heavenly Fire (The Mortal Instruments, #6)"
608,Love You Forever
609,Cell
610,The Boys in the Boat: Nine Americans and Their Epic Quest for Gold at the 1936 Berlin Olympics
611,The Silmarillion (Middle-Earth Universe)
612,"The Drawing of the Three (The Dark Tower, #2)"
613,The Forgotten Garden
614,The Trial
615,This Lullaby
616,Plain Truth
617,Orange Is the New Black
618,The Hound of the Baskervilles
619,"Thinking, Fast and Slow"
620,"The Mists of Avalon (Avalon, #1)"
621,"Are You There God? It's Me, Margaret"
622,Nights in Rodanthe
623,"Mr. Mercedes (Bill Hodges Trilogy, #1)"
624,"All Together Dead (Sookie Stackhouse, #7)"
625,Midwives
626,The Polar Express
627,The True Story of the 3 Little Pigs
628,"Patriot Games (Jack Ryan Universe, #2)"
629,Veronika Decides to Die
630,"Lean In: Women, Work, and the Will to Lead"
631,"Dead as a Doornail (Sookie Stackhouse, #5)"
632,"Shatter Me (Shatter Me, #1)"
633,Starship Troopers
634,I've Got Your Number
635,Sophie's World
636,"The Twilight Saga Breaking Dawn Part 1: The Official Illustrated Movie Companion (The Twilight Saga: The Official Illustrated Movie Companion, #4)"
637,The Martian Chronicles
638,A Visit from the Goon Squad
639,Heidi
640,Prey
641,"The Last Battle (Chronicles of Narnia, #7)"
642,"World Without End (The Kingsbridge Series, #2)"
643,"Chosen (House of Night, #3)"
644,"Slammed (Slammed, #1)"
645,"Beastly (Beastly, #1; Kendra Chronicles, #1)"
646,The Canterbury Tales
647,Baby Proof
648,"Inheritance (The Inheritance Cycle, #4)"
649,1Q84
650,Uncle Tom's Cabin
651,The Phantom of the Opera
652,"Definitely Dead (Sookie Stackhouse, #6)"
653,Blindness
654,Freedom
655,"Crossed (Matched, #2)"
656,"I'd Tell You I Love You, But Then I'd Have to Kill You (Gallagher Girls, #1)"
657,The White Tiger
658,The Corrections
659,Dreams from My Father: A Story of Race and Inheritance
660,Congo
661,"Alexander and the Terrible, Horrible, No Good, Very Bad Day"
662,Interpreter of Maladies
663,A People's History of the United States
664,Breakfast at Tiffany's
665,"The Passage (The Passage, #1)"
666,Anansi Boys
667,Along for the Ride
668,Everything I Never Told You
669,The House of the Spirits
670,The Dead Zone
671,"The Mysterious Affair at Styles (Hercule Poirot, #1)"
672,"Murder on the Orient Express (Hercule Poirot, #10)"
673,Americanah
674,Suzanne's Diary for Nicholas
675,Firestarter
676,"Entwined with You (Crossfire, #3)"
677,"Born to Run: A Hidden Tribe, Superathletes, and the Greatest Race the World Has Never Seen"
678,The Storied Life of A.J. Fikry
679,Madeline
680,Think and Grow Rich: The Landmark Bestseller - Now Revised and Updated for the 21st Century
681,"Little House in the Big Woods (Little House, #1)"
682,Jonathan Strange & Mr Norrell
683,A Bend in the Road
684,"The House of Hades (The Heroes of Olympus, #4)"
685,"Gone (Gone, #1)"
686,"The Wedding (The Notebook, #2)"
687,1776
688,Under the Banner of Heaven: A Story of Violent Faith
689,Beautiful Ruins
690,The Audacity of Hope: Thoughts on Reclaiming the American Dream
691,On Writing: A Memoir of the Craft
692,"Firefly Lane (Firefly Lane, #1)"
693,Sphere
694,Love the One You're With
695,"The Silkworm (Cormoran Strike, #2)"
696,"The Vampire Lestat (The Vampire Chronicles, #2)"
697,State of Wonder
698,The Silver Linings Playbook
699,Twenty Thousand Leagues Under the Sea
700,"The Constant Princess (The Plantagenet and Tudor Novels, #6)"
701,Mrs. Dalloway
702,The Hundred-Year-Old Man Who Climbed Out of the Window and Disappeared
703,Bag of Bones
704,The Cider House Rules
705,Thinner
706,Around the World in Eighty Days
707,Walk Two Moons
708,Eleven Minutes
709,Nine Stories
710,"Julie and Julia: 365 Days, 524 Recipes, 1 Tiny Apartment Kitchen: How One Girl Risked Her Marriage, Her Job, and Her Sanity to Master the Art of Living"
711,"Unwind (Unwind, #1)"
712,"Drums of Autumn (Outlander, #4)"
713,"Prodigy (Legend, #2)"
714,King Lear
715,Death of a Salesman
716,The Choice
717,The Hunger Games: Official Illustrated Movie Companion
718,The Sound and the Fury
719,A New Earth: Awakening to Your Life's Purpose
720,"Bleach, Volume 01"
721,"Hyperbole and a Half: Unfortunate Situations, Flawed Coping Mechanisms, Mayhem, and Other Things That Happened"
722,"The Shadow Rising (Wheel of Time, #4)"
723,Shantaram
724,"From Dead to Worse (Sookie Stackhouse, #8)"
725,"The Waste Lands (The Dark Tower, #3)"
726,"The Bone Collector (Lincoln Rhyme, #1)"
727,The Reader
728,"Brown Bear, Brown Bear, What Do You See?"
729,"Hyperion (Hyperion Cantos, #1)"
730,The Pearl
731,The Exorcist
732,"The Short Second Life of Bree Tanner: An Eclipse Novella (Twilight, #3.5)"
733,Snow Falling on Cedars
734,Roots: The Saga of an American Family
735,Batman: The Killing Joke
736,Invisible Man
737,A Long Way Gone: Memoirs of a Boy Soldier
738,"Mrs. Frisby and the Rats of NIMH (Rats of NIMH, #1)"
739,Different Seasons
740,"The Little House Collection (Little House, #1-9)"
741,The Girls' Guide to Hunting and Fishing
742,"Wool Omnibus (Silo, #1)"
743,"Lamb: The Gospel According to Biff, Christ's Childhood Pal"
744,The Power of Now: A Guide to Spiritual Enlightenment
745,Let's Pretend This Never Happened: A Mostly True Memoir
746,"The Lies of Locke Lamora (Gentleman Bastard, #1)"
747,"Sabriel (Abhorsen,  #1)"
748,"Dead and Gone (Sookie Stackhouse, #9)"
749,The Storyteller
750,"Obsidian (Lux, #1)"
751,"Life, the Universe and Everything (Hitchhiker's Guide, #3)"
752,"Crown of Midnight (Throne of Glass, #2)"
753,"Scott Pilgrim, Volume 1: Scott Pilgrim's Precious Little Life"
754,Half Broke Horses
755,"Mort (Death, #1; Discworld, #4)"
756,"The Iron King (The Iron Fey, #1)"
757,Lonesome Dove
758,Stiff: The Curious Lives of Human Cadavers
759,"Bloodlines (Bloodlines, #1)"
760,"Ender's Shadow (Ender's Shadow, #1)"
761,Twenties Girl
762,Schindler's List
763,The Bluest Eye
764,"The White Queen (The Plantagenet and Tudor Novels, #2)"
765,The Autobiography of Malcolm X
766,Preludes & Nocturnes (The Sandman #1)
767,Seabiscuit: An American Legend
768,Shutter Island
769,The Complete Sherlock Holmes
770,Julius Caesar
771,"In the Garden of Beasts: Love, Terror, and an American Family in Hitler's Berlin"
772,The Republic
773,The Taming of the Shrew
774,"Cress (The Lunar Chronicles, #3)"
775,Just Kids
776,The Art Book
777,Jemima J
778,The Hunchback of Notre-Dame
779,A Fine Balance
780,Calvin and Hobbes
781,"Specials (Uglies, #3)"
782,The Awakening
783,"Hunted (House of Night, #5)"
784,For One More Day
785,"Clear and Present Danger (Jack Ryan Universe, #6)"
786,Falling Up
787,Sh*t My Dad Says
788,Trainspotting
789,Foundation and Empire (Foundation #2)
790,The Four Agreements: A Practical Guide to Personal Freedom
791,House Rules
792,The Complete Grimm's Fairy Tales
793,From the Mixed-Up Files of Mrs. Basil E. Frankweiler
794,"Doctor Sleep (The Shining, #2)"
795,About a Boy
796,"On Dublin Street (On Dublin Street, #1)"
797,Crazy Love: Overwhelmed by a Relentless God
798,"One Fish, Two Fish, Red Fish, Blue Fish"
799,Watchers
800,The Story of My Life
801,This is Where I Leave You
802,Abraham Lincoln: Vampire Hunter
803,"Fruits Basket, Vol. 1"
804,The Tempest
805,"Burned (House of Night, #7)"
806,"Wizard and Glass (The Dark Tower, #4)"
807,The Circle
808,The Invention of Hugo Cabret
809,Brave New World / Brave New World Revisited
810,"Ouran High School Host Club, Vol. 1 (Ouran High School Host Club, #1)"
811,The Good Girl
812,"Fallen Too Far (Rosemary Beach, #1; Too Far, #1)"
813,Landline
814,"Tempted (House of Night, #6)"
815,No Country for Old Men
816,"Wolf Hall (Thomas Cromwell, #1)"
817,"Howl's Moving Castle (Howl's Moving Castle, #1)"
818,Dreamcatcher
819,Walden
820,The Remains of the Day
821,The Best of Me
822,The Sense of an Ending
823,"A is for Alibi (Kinsey Millhone, #1)"
824,"Oedipus Rex  (The Theban Plays, #1)"
825,Shanghai Girls (Shanghai Girls #1)
826,The Wind in the Willows
827,"To All the Boys I've Loved Before (To All the Boys I've Loved Before, #1)"
828,"Persepolis: The Story of a Childhood (Persepolis, #1)"
829,A Room with a View
830,The DUFF: Designated Ugly Fat Friend
831,Lock and Key
832,"Naked in Death (In Death, #1)"
833,The Chamber
834,"Midnight Sun (Twilight, #1.5)"
835,"Naruto, Vol. 01: The Tests of the Ninja (Naruto, #1)"
836,"The Unlikely Pilgrimage of Harold Fry (Harold Fry, #1)"
837,"Every Day (Every Day, #1)"
838,"Xenocide (Ender's Saga, #3)"
839,The Merchant of Venice
840,"Shōgun (Asian Saga, #1)"
841,"Lover Awakened (Black Dagger Brotherhood, #3)"
842,"A Court of Thorns and Roses (A Court of Thorns and Roses, #1)"
843,"Fifty Shades Trilogy (Fifty Shades, #1-3)"
844,Chicka Chicka Boom Boom
845,Smile
846,Animal Farm / 1984
847,"The Deep End of the Ocean (Cappadora Family, #1)"
848,The Bonesetter's Daughter
849,"Angus, Thongs and Full-Frontal Snogging (Confessions of Georgia Nicolson, #1)"
850,"Mr. Penumbra's 24-Hour Bookstore (Mr. Penumbra's 24-Hour Bookstore, #1)"
851,"Flowers in the Attic (Dollanganger, #1)"
852,When Breath Becomes Air
853,Maniac Magee
854,Invisible Monsters
855,Twelfth Night
856,"Gathering Blue (The Giver, #2)"
857,The Westing Game
858,"Red Rising (Red Rising, #1)"
859,"The Way of Shadows (Night Angel, #1)"
860,"The Bean Trees (Greer Family, #1)"
861,"Walking Disaster (Beautiful, #2)"
862,"Words of Radiance (The Stormlight Archive, #2)"
863,Guess How Much I Love You
864,"The Fiery Cross (Outlander, #5)"
865,Night Shift
866,Jaws
867,The History of Love
868,Pippi Longstocking
869,The Elegance of the Hedgehog
870,Team of Rivals: The Political Genius of Abraham Lincoln
871,"Dead in the Family (Sookie Stackhouse, #10)"
872,The Plague
873,"The Reptile Room (A Series of Unfortunate Events, #2)"
874,Brain on Fire: My Month of Madness
875,"Wicked Lovely (Wicked Lovely, #1)"
876,Curious George
877,The Neverending Story
878,A Beautiful Mind
879,The Jungle
880,"The Summoning (Darkest Powers, #1)"
881,The Man Who Mistook His Wife for a Hat and Other Clinical Tales
882,Eye of the Needle
883,The Blind Assassin
884,"Hollow City (Miss Peregrine’s Peculiar Children, #2)"
885,House of Sand and Fog
886,The Girl with All the Gifts
887,As I Lay Dying
888,Harold and the Purple Crayon
889,"Lover Eternal (Black Dagger Brotherhood, #2)"
890,Second Foundation (Foundation #3)
891,"Fool Moon (The Dresden Files, #2)"
892,"David and Goliath: Underdogs, Misfits, and the Art of Battling Giants"
893,"Fullmetal Alchemist, Vol. 1 (Fullmetal Alchemist, #1)"
894,"Guards! Guards! (Discworld, #8)"
895,The Year of Magical Thinking
896,We Need to Talk About Kevin
897,"Rendezvous with Rama (Rama, #1)"
898,"The Queen of the Damned (The Vampire Chronicles, #3)"
899,The Age of Innocence
900,The Selfish Gene
901,Year of Wonders
902,"The Black Echo (Harry Bosch, #1; Harry Bosch Universe, #1)"
903,Anthem
904,"Gabriel's Inferno (Gabriel's Inferno, #1)"
905,Cloudy With a Chance of Meatballs
906,Major Pettigrew's Last Stand
907,"Vision in White (Bride Quartet, #1)"
908,The Tenth Circle
909,"The Throne of Fire (Kane Chronicles, #2)"
910,"Old Man's War (Old Man's War, #1)"
911,Gerald's Game
912,"Two for the Dough (Stephanie Plum, #2)"
913,The Joy of Cooking
914,"The Forever War (The Forever War, #1)"
915,Insomnia
916,Reading Lolita in Tehran
917,"The Blade Itself (The First Law, #1)"
918,"The Arctic Incident (Artemis Fowl, #2)"
919,The Shipping News
920,The Life-Changing Magic of Tidying Up: The Japanese Art of Decluttering and Organizing
921,All the Bright Places
922,"Déjà Dead (Temperance Brennan, #1)"
923,"The Alchemyst (The Secrets of the Immortal Nicholas Flamel, #1)"
924,The Marriage Plot
925,Daughter of Fortune
926,Luckiest Girl Alive
927,"Crank (Crank, #1)"
928,"The Raven Boys (The Raven Cycle, #1)"
929,I Am Legend and Other Stories
930,Olive Kitteridge
931,"Not That Kind of Girl: A Young Woman Tells You What She's ""Learned"""
932,Good to Great: Why Some Companies Make the Leap... and Others Don't
933,"Fire (Graceling Realm, #2)"
934,Waiting for Godot
935,White Fang
936,"Wolves of the Calla (The Dark Tower, #5)"
937,His Dark Materials (His Dark Materials #1-3)
938,"The Edge of Never (The Edge of Never, #1)"
939,Reconstructing Amelia
940,One Plus One
941,The Hours
942,"Wallbanger (Cocktail, #1)"
943,Holidays on Ice
944,Desperation
945,"Passion (Fallen, #3)"
946,"The Kill Order (Maze Runner, #0.5)"
947,"Angelfall (Penryn & the End of Days, #1)"
948,Empire Falls
949,"The Fires of Heaven (Wheel of Time, #5)"
950,I'll Give You the Sun
951,Survivor
952,"Shopaholic & Baby (Shopaholic, #5)"
953,"The Dark Tower (The Dark Tower, #7)"
954,Twilight Director's Notebook : The Story of How We Made the Movie Based on the Novel by Stephenie Meyer
955,"Shopaholic Takes Manhattan (Shopaholic, #2)"
956,"Surely You're Joking, Mr. Feynman!: Adventures of a Curious Character"
957,"Linger (The Wolves of Mercy Falls, #2)"
958,"The Complete Anne of Green Gables Boxed Set (Anne of Green Gables, #1-8)"
959,A Portrait of the Artist as a Young Man
960,"The Gathering Storm (Wheel of Time, #12)"
961,Middlemarch
962,"Point of Retreat (Slammed, #2)"
963,The Partner
964,J.R.R. Tolkien 4-Book Boxed Set: The Hobbit and The Lord of the Rings
965,"Thoughtless (Thoughtless, #1)"
966,Presumed Innocent
967,The Dark Half
968,Cleopatra: A Life
969,The World Is Flat: A Brief History of the Twenty-first Century
970,"Steelheart (The Reckoners, #1)"
971,The Rainbow Fish
972,"Journey to the Center of the Earth (Extraordinary Voyages, #3)"
973,"The Happiness Project: Or Why I Spent a Year Trying to Sing in the Morning, Clean My Closets, Fight Right, Read Aristotle, and Generally Have More Fun"
974,The Man in the High Castle
975,Helter Skelter: The True Story of the Manson Murders
976,"Dr. Seuss's Green Eggs and Ham: For Soprano, Boy Soprano, and Orchestra"
977,Inferno (The Divine Comedy #1)
978,"Shadow of Night (All Souls Trilogy, #2)"
979,Leaving Time
980,"Moon Called (Mercy Thompson, #1)"
981,"Blue Bloods (Blue Bloods, #1)"
982,"The Alienist (Dr. Laszlo Kreizler, #1)"
983,Between the World and Me
984,Paradise Lost
985,The Big Short: Inside the Doomsday Machine
986,The Girl Who Loved Tom Gordon
987,A Monster Calls
988,"Towers of Midnight (Wheel of Time, #13)"
989,The Day of the Jackal
990,Rework
991,Attachments
992,"The Twilight Saga (Twilight, #1-4)"
993,Tell the Wolves I'm Home
994,"All Creatures Great and Small (All Creatures Great and Small, #1-2)"
995,"The Unbecoming of Mara Dyer (Mara Dyer, #1)"
996,"Three to Get Deadly (Stephanie Plum, #3)"
997,The Scarlet Pimpernel
998,The Monster at the End of this Book
999,"Tales of a Fourth Grade Nothing (Fudge, #1)"
1000,"Shadow and Bone (Shadow and Bone, #1)"
